Region,WellName,Latitude,Longitude
Auckland,Patumahoe Springs,-37.20051676,174.8476701
Auckland,Ostrich Farm Obs NO2,-37.167386810000004,174.86981828
Auckland,Fielding Rd Sand,-37.1161675,174.96297603
Auckland,Fielding Rd Volc,-37.1161675,174.96297603
Auckland,Hillview Springs,-37.169148,174.986554
Auckland,Hickey Springs,-37.192866,174.90093
Auckland,Watson Ave,-36.88658944,174.73770314
Auckland,BP Bombay,-37.19308584,174.9822733
Auckland,Wilcox Gunclub Road,-37.20333691,174.8506121
Bay of Plenty,Bore 2504 at Beach Rd,-37.66256185,176.13979071
Bay of Plenty,Rangitaiki at Kokomoka (Bore 1001247),-38.81929036,176.48806651
Bay of Plenty,Bore 2328 at Lund Rd,-37.5961547,175.90254394
Bay of Plenty,Bore 100113 at Omokoroa Rd,-37.65211231,176.02534703
Bay of Plenty,Bore 2330 at Kauri Point,-37.51438022,175.97039803
Bay of Plenty,Bore 100130 at Capamagian Dr,-37.43718697,175.94268494
Bay of Plenty,Waitapu Spring at Paradise Valley Rd,-38.10675542,176.14599039
Bay of Plenty,Bore 10965 at Oturoa Rd,-38.03919128,176.17385253
Bay of Plenty,Bore 4007 at Dalbeth Rd,-38.05633108,176.18170343
Bay of Plenty,Bore 93 at James Rd,-37.67841823,176.08250852
Bay of Plenty,Bore 4364 at Cambridge Rd,-37.70630739,176.1247965
Bay of Plenty,Bore 3044 at Cambridge Rd,-37.70612709,176.12480026
Bay of Plenty,Bore 1561 at Hamurana Rd,-38.04320392,176.22203287
Bay of Plenty,Bore 1670 at Kairua Rd,-37.70718384,176.24989583
Bay of Plenty,Bore 1001238 at Lochinver,-38.95083042,176.40067816
Bay of Plenty,Piezo 1001239 at Lochinver,-38.95083042,176.40067816
Bay of Plenty,Bore 1001241 at Lochinver,-38.87869351,176.36464202
Bay of Plenty,Bore 1001249 at Matea Rd,-38.81426593,176.39699948
Bay of Plenty,Bore 10968 at Gee Rd,-38.13358004,176.32429304
Bay of Plenty,Bore 1001293 at Rangiuru Rd,-37.88839837,176.30371181
Bay of Plenty,Bore 1001284 at Collins Lane,-37.76355625,176.31615522
Bay of Plenty,Bore 1001287 at Collins Lane,-37.76355625,176.31615522
Bay of Plenty,Bore 1001286 at Collins Lane,-37.76355625,176.31615522
Bay of Plenty,Bore 1001285 at Collins Lane,-37.76355625,176.31615522
Bay of Plenty,Bore 1001283 at Collins Lane,-37.76355625,176.31615522
Bay of Plenty,Bore 100106 25m at Taylor Reserve,-37.71070716,176.32699654
Bay of Plenty,Bore 100107 45m at Taylor Reserve,-37.71070716,176.32699654
Bay of Plenty,Bore 1001058 73m at Taylor Reserve,-37.71070716,176.32699654
Bay of Plenty,Bore 951 at Wilson Rd South,-37.81037486,176.4157964
Bay of Plenty,Bore 410 at Coach Rd,-37.84871062,176.42379233
Bay of Plenty,Bore 2822 at Pongakawa School Rd,-37.8363726,176.47769024
Bay of Plenty,Bore 1001289 at Kelly Rd,-37.77917615,176.40895556
Bay of Plenty,Bore 1001290 at Kelly Rd,-37.77917615,176.40895556
Bay of Plenty,Bore 1018 at Maketu Rd (Warm supply),-37.77943026,176.42626596
Bay of Plenty,Bore 1000147 at Maketu Rd,-37.77752676,176.42944696
Bay of Plenty,Bore 1001059 at Otamarakau Marae,-37.82906069,176.59769744
Bay of Plenty,Pool inlet at Braemar Springs,-37.96784215,176.74009635
Bay of Plenty,Bore 170047 at Horomanga Rd,-38.37246831,176.78962602
Bay of Plenty,Bore 170048 at Horomanga Rd,-38.37246831,176.78962602
Bay of Plenty,Bore 170049 at Horomanga Rd,-38.37246831,176.78962602
Bay of Plenty,Bore 2509 at Hallett Rd (CB2509),-37.99949831,176.76711451
Bay of Plenty,Bore 3301 at Ohope Golf Club,-37.98703834,177.12810479
Bay of Plenty,Bore 3036 at Otara Rd,-38.03584698,177.31689207
Canterbury,H38/0230,-44.2723409113046,170.143320901559
Canterbury,L37/0693,-43.9636772074491,172.010946435342
Canterbury,M36/5895,-43.5482881334334,172.748130362802
Canterbury,M36/5893,-43.5480086778361,172.74798297533
Canterbury,M36/5894,-43.5481529077284,172.748056650144
Canterbury,BZ16/0073,-44.3237110612535,170.319258723454
Canterbury,BV24/0023,-42.8440052976492,172.79232510476
Canterbury,BV24/0024,-42.8436186251758,172.792632342047
Canterbury,BW24/0037,-43.3391061123916,172.706126554612
Canterbury,BZ16/0072,-44.2999184196317,170.194946650086
Canterbury,K38/1706,-44.1919479616955,171.491355707615
Canterbury,K38/1821,-44.1919387963869,171.491343428341
Canterbury,L37/0867,-43.9636862096725,172.010946285972
Canterbury,BU24/0002,-42.5324849175874,172.769091972179
Canterbury,BV24/0028,-42.9472570956634,172.835114943438
Canterbury,BV24/0069,-42.9601578670188,172.57263915085
Canterbury,BX21/0017,-43.5588864405037,171.920733489804
Canterbury,BX22/0044,-43.6496437687154,172.12814927829
Canterbury,BY20/0148,-44.0178343971799,171.435804148887
Canterbury,BY21/0228,-44.0458193817471,171.685375841137
Canterbury,BZ15/5017,-44.3368306298707,169.958105729439
Canterbury,BZ15/5018,-44.3366946748723,170.025697629522
Canterbury,BZ15/5019,-44.1950996052119,170.103073257079
Canterbury,CA15/5005,-44.4535874985975,169.9568341864
Canterbury,CA15/5006,-44.4139087036518,169.990269777203
Canterbury,CA15/5007,-44.3842869312752,169.998693874501
Canterbury,CA15/5008,-44.497690018479,169.91090550233
Canterbury,CA15/5009,-44.3941490720494,169.881017936414
Canterbury,CA17/0007,-44.6978227519036,170.503141738314
Canterbury,CA17/0008,-44.6649880342657,170.580743763009
Canterbury,CA18/0019,-44.5638467219351,171.009613540926
Canterbury,CA18/0020,-44.5289897171315,171.033039298488
Canterbury,H38/0004,-44.2352883023674,170.069219652324
Canterbury,H38/0229,-44.3100491161814,170.059141869806
Canterbury,H39/0148,-44.5225342867112,169.846963645282
Canterbury,I38/0084,-44.1538477347033,170.379473369985
Canterbury,I38/0092,-44.2953030599417,170.302264059646
Canterbury,I38/0103,-44.2693692845827,170.239890295329
Canterbury,J37/0012,-43.9839606892077,171.245913760832
Canterbury,J37/0013,-44.0366644590755,170.792136377308
Canterbury,J37/0045,-44.0337398105148,171.204747686285
Canterbury,J37/0073,-43.9571248687457,170.832787325046
Canterbury,J37/0087,-44.0434354973274,170.804778331993
Canterbury,J38/0004,-44.1123517229261,171.218264124975
Canterbury,J38/0068,-44.3036113183916,171.208400432487
Canterbury,J38/0169,-44.285378330903,171.1865961481
Canterbury,J38/0242,-44.2638751294164,171.153192962634
Canterbury,J39/0111,-44.4990710698971,171.003303645374
Canterbury,J39/0135,-44.483708859894,171.202467945388
Canterbury,J40/0097,-44.819386202048896,171.160344385813
Canterbury,J40/0163,-44.8714260979464,170.941942306637
Canterbury,J40/0217,-44.7739340757568,171.114546765606
Canterbury,J40/0256,-44.7455226191164,171.066622815863
Canterbury,J40/0286,-44.7432369473779,171.140378750519
Canterbury,J40/0333,-44.6691911334995,171.091189523043
Canterbury,J40/0469,-44.7811100008363,171.086480314979
Canterbury,J40/0816,-44.7018253830011,171.060252271182
Canterbury,J40/1024,-44.7867374158838,171.15824706289
Canterbury,J40/1056,-44.6578923671104,171.105737360202
Canterbury,J40/1106,-44.810853204166,171.08486442442899
Canterbury,J40/1110,-44.6151743773464,171.086217565799
Canterbury,J41/0018,-44.9165076523958,171.102996444685
Canterbury,K36/0033,-43.6945412008403,171.491314703069
Canterbury,K36/0118,-43.7850958658101,171.408617833817
Canterbury,K36/0172,-43.6346710909883,171.478842441809
Canterbury,K36/0210,-43.6823820961764,171.602175338134
Canterbury,K36/0244,-43.6467208825193,171.435016795119
Canterbury,K37/0083,-43.9173223948469,171.385492410086
Canterbury,K37/0147,-43.9261138593483,171.709442005273
Canterbury,K37/0216,-43.8854612841601,171.509571088174
Canterbury,K37/0234,-44.0398183112218,171.442227615899
Canterbury,K37/0245,-44.0163996953205,171.439522329785
Canterbury,K37/0260,-43.963368954291,171.40685707218
Canterbury,K37/0468,-43.969449218818,171.67263823229
Canterbury,K37/0833,-43.8120700555302,171.607123438158
Canterbury,K38/0144,-44.113689374474,171.381941391555
Canterbury,K38/0148,-44.0850232325954,171.392153537507
Canterbury,K38/0240,-44.2399359328985,171.344583942349
Canterbury,K38/0404,-44.1729489000096,171.374379739714
Canterbury,K38/0412,-44.1147822711879,171.56977637976
Canterbury,K38/1017,-44.1462443301063,171.427014837045
Canterbury,K38/2200,-44.1315489400143,171.611585533491
Canterbury,K38/2210,-44.2990668749218,171.252100716451
Canterbury,K39/0033,-44.3553932339739,171.248268491473
Canterbury,L35/0009,-43.5150969597009,172.162096428034
Canterbury,L35/0086,-43.4381680320536,172.235890805694
Canterbury,L35/0596,-43.4198105695979,172.051085583504
Canterbury,L35/1195,-43.2980481664893,172.051662228855
Canterbury,L36/0003,-43.5588583807868,171.920622558362
Canterbury,L36/0200,-43.7302804319773,172.154148057082
Canterbury,L36/0224,-43.7279513430701,172.239107679736
Canterbury,L36/0477,-43.7293888698117,172.069542226329
Canterbury,L36/0725,-43.6725240116898,172.184408633864
Canterbury,L36/2414,-43.694000643322,171.798018920415
Canterbury,L37/0130,-43.9879017263264,171.84189672007
Canterbury,L37/0297,-43.9670431201828,171.912696855675
Canterbury,L37/0415,-43.8708616698313,172.061407297819
Canterbury,L37/0439,-43.9027751625292,171.779779529513
Canterbury,L37/0914,-43.8885443017117,171.77845170175
Canterbury,M33/0214,-42.8467372036979,172.607909334193
Canterbury,M34/0353,-43.0928491834923,172.690841889772
Canterbury,M34/0571,-43.2430115390803,172.501517875926
Canterbury,M34/0688,-43.0816652082805,172.708047922598
Canterbury,M34/5557,-43.2334666185588,172.386643969901
Canterbury,M35/0132,-43.3569507042318,172.453137610321
Canterbury,M35/1051,-43.5282457490584,172.489250194606
Canterbury,M35/10632,-43.4420391067829,172.629629412276
Canterbury,M35/1864,-43.5452283153582,172.524893571915
Canterbury,M35/5119,-43.5026025948142,172.437648693057
Canterbury,M35/5509,-43.5235704278335,172.358395005448
Canterbury,M35/5869,-43.3192842167537,172.357761538218
Canterbury,M35/5918,-43.5202374874932,172.392766915627
Canterbury,M35/6295,-43.3103306108336,172.435712991205
Canterbury,M35/6946,-43.46426656193,172.433046970419
Canterbury,M35/7281,-43.5209466112489,172.593312795706
Canterbury,M35/8567,-43.3116861997728,172.38596890346
Canterbury,M35/9064,-43.5122458538142,172.503711837258
Canterbury,M36/1059,-43.5542613740001,172.593064066156
Canterbury,M36/2285,-43.6237677855253,172.453526113797
Canterbury,M36/4126,-43.5528652592139,172.370476895039
Canterbury,M36/4227,-43.5896335296678,172.509171200012
Canterbury,N32/0088,-42.5412603994537,172.833642056072
Canterbury,N32/0140,-42.6960866524937,172.946928854667
Canterbury,N32/0204,-42.5545666599399,172.807855966779
Canterbury,N32/0492,-42.6414327989293,172.978202187898
Canterbury,N33/0064,-43.0039821200138,172.871612233457
Canterbury,N33/0206,-42.756062526597,172.821385930197
Canterbury,N33/0212,-42.7753861705607,172.851463170123
Canterbury,N33/0219,-42.7703401605856,172.768308230393
Canterbury,N33/0249,-42.738909889419,173.23227109061
Canterbury,O31/0280,-42.4196902426881,173.615268902061
Canterbury,BW24/0038,-43.3393312866853,172.70615014218
Canterbury,BW24/0039,-43.3398355033772,172.706135373687
Canterbury,BW24/0051,-43.2119190070825,172.753372275018
Canterbury,BW24/0274,-43.4164783983389,172.653501890939
Canterbury,BX22/0041,-43.5946837476991,172.016193222283
Canterbury,BX23/0270,-43.4766194477902,172.486173676499
Canterbury,BX23/0761,-43.4619411584558,172.434403760268
Canterbury,BX23/0762,-43.4619325824939,172.434490371799
Canterbury,BX23/0763,-43.4619240675885,172.434589344389
Canterbury,BX23/0768,-43.4814953831262,172.384956665833
Canterbury,BX23/0769,-43.4815672140682,172.384918840189
Canterbury,BX23/0770,-43.4814235521703,172.384994491387
Canterbury,BX23/0771,-43.4472580365034,172.413543220956
Canterbury,BX23/0772,-43.4471777617588,172.413692300276
Canterbury,BX23/0773,-43.4471064273805,172.413828934237
Canterbury,BX23/0854,-43.6388702682554,172.365166006562
Canterbury,BX24/0347,-43.5511884580973,172.646466875363
Canterbury,BY22/0031,-43.8016445784933,172.242685615969
Canterbury,BY22/0045,-43.8403757915908,172.223461963681
Canterbury,BY22/0067,-43.8774408287229,172.085526261381
Canterbury,K36/0088,-43.6069088652995,171.561361006929
Canterbury,K36/0104,-43.7013993779559,171.639573449684
Canterbury,K36/0119,-43.7357751808918,171.599257319993
Canterbury,K36/0489,-43.7518340964691,171.712212357797
Canterbury,K36/0684,-43.5807897194259,171.622140973067
Canterbury,K36/0687,-43.6699701552919,171.74779042219
Canterbury,K36/1073,-43.7147008924813,171.749379160796
Canterbury,K36/1074,-43.6298258005537,171.732658380388
Canterbury,L35/0171,-43.4903186279341,172.040818129051
Canterbury,L35/0190,-43.4879507135809,172.174690309011
Canterbury,L35/0191,-43.4948120062656,172.211701846245
Canterbury,L35/0194,-43.4556975317926,172.20392872039
Canterbury,L35/0205,-43.5234877172907,172.015111325487
Canterbury,L35/0349,-43.3099663214858,172.22307180822
Canterbury,L35/0558,-43.3357033632139,171.929073985569
Canterbury,L35/0850,-43.3345659938227,172.182913782408
Canterbury,L35/0878,-43.5148732122184,171.803919020643
Canterbury,L35/0910,-43.5197409724724,172.145983845812
Canterbury,L36/0089,-43.563535297927,172.210855798407
Canterbury,L36/0121,-43.7146662478422,172.106625589436
Canterbury,L36/0319,-43.6603423037372,172.08461141044
Canterbury,L36/0322,-43.616235405675,172.248114882832
Canterbury,L36/0323,-43.7197393461256,172.014012613923
Canterbury,L36/0393,-43.6469738253812,171.871394735906
Canterbury,L36/0527,-43.785756459906,172.154596544743
Canterbury,L36/0584,-43.565165838913,172.06416137901
Canterbury,L36/0925,-43.7082450923793,171.867701123552
Canterbury,L36/0933,-43.8053230788029,171.866676940356
Canterbury,L36/0948,-43.7975867356877,171.786670954121
Canterbury,L36/1131,-43.6336279090087,171.958446357051
Canterbury,L36/1242,-43.735384977563,171.920027081203
Canterbury,L36/1309,-43.7485113441992,171.79387307
Canterbury,L36/1313,-43.6341729586981,171.893787474879
Canterbury,L36/1543,-43.5855328216275,172.166508321035
Canterbury,L36/2094,-43.5652925569369,172.1891878275
Canterbury,L36/2122,-43.6397516503796,172.028079262752
Canterbury,L37/0020,-43.9294267002944,171.954207342602
Canterbury,L37/0197,-43.9131335860258,171.840719911328
Canterbury,L37/0254,-43.8607186863455,171.980956122727
Canterbury,L37/0309,-43.9582409407072,171.898000277614
Canterbury,L37/0349,-43.8703012915826,171.943580235886
Canterbury,L37/0403,-43.8817612847423,171.769752211802
Canterbury,L37/0556,-43.8177202127553,172.068917666429
Canterbury,L37/0685,-43.8557571558679,171.770436349472
Canterbury,L37/1182,-43.9035055065374,172.115150623736
Canterbury,L37/1438,-43.9028029650981,171.779853676143
Canterbury,L37/1713,-43.9636247044154,172.01112181889
Canterbury,M33/0203,-42.8754551478062,172.677150842153
Canterbury,M34/0192,-43.2664741247176,172.705798480288
Canterbury,M34/0560,-43.164633418377,172.75270146858
Canterbury,M34/0758,-43.1306346709677,172.722827001645
Canterbury,M35/0217,-43.2971547936913,172.586978942118
Canterbury,M35/0474,-43.2837729461664,172.709671633025
Canterbury,M35/0698,-43.3939943440628,172.595891451376
Canterbury,M35/0834,-43.3824931265738,172.649732591283
Canterbury,M35/0925,-43.4796370089525,172.286696501449
Canterbury,M35/10179,-43.3730588499915,172.538743835575
Canterbury,M35/11059,-43.4973742197323,172.384078122136
Canterbury,M35/11936,-43.4029452555506,172.318915642076
Canterbury,M35/11975,-43.4440008287783,172.655149119283
Canterbury,M35/1382,-43.4890500770226,172.542388507036
Canterbury,M35/1860,-43.5379365302904,172.556685925966
Canterbury,M35/18612,-43.5468687006849,172.632899960564
Canterbury,M35/2249,-43.518899777757,172.535815479352
Canterbury,M35/2325,-43.5216842563719,172.630231455941
Canterbury,M35/2960,-43.4996397356671,172.72163957527
Canterbury,M35/2961,-43.4984300452974,172.724069480634
Canterbury,M35/3755,-43.4465501485145,172.643752420071
Canterbury,M35/4264,-43.308337928978,172.679468306275
Canterbury,M35/4757,-43.3054033798259,172.295752807102
Canterbury,M35/4795,-43.3622423650499,172.575405719966
Canterbury,M35/4875,-43.4792946110655,172.557436403787
Canterbury,M35/5139,-43.4684098859727,172.513478874329
Canterbury,M35/5251,-43.4742642110542,172.623658591528
Canterbury,M35/5440,-43.4062499652387,172.482112796301
Canterbury,M35/5604,-43.3379960709948,172.644942843088
Canterbury,M35/6040,-43.5166152512664,172.547686157067
Canterbury,M35/6385,-43.4008062132357,172.325669920299
Canterbury,M35/6639,-43.3189620434559,172.500712424619
Canterbury,M35/6656,-43.4692673034171,172.579849809486
Canterbury,M35/6935,-43.4778946818139,172.386823195322
Canterbury,M35/7878,-43.2984202159318,172.545497332241
Canterbury,M35/8479,-43.351446339721,172.381903460127
Canterbury,M35/8744,-43.32334246471,172.357262448602
Canterbury,M35/9594,-43.2847349554,172.719909747766
Canterbury,M36/0040,-43.5605810507212,172.260557683571
Canterbury,M36/0153,-43.6319189883419,172.485100391644
Canterbury,M36/0297,-43.6198423548114,172.480642484362
Canterbury,M36/0473,-43.7379710841641,172.373880689933
Canterbury,M36/0698,-43.8134811786269,172.254497478772
Canterbury,M36/0712,-43.7987626427918,172.360429975222
Canterbury,M36/1225,-43.5645100808351,172.614404647647
Canterbury,M36/1448,-43.7268282225921,172.564793517815
Canterbury,M36/1504,-43.7326842595033,172.570475452684
Canterbury,M36/20713,-43.7112880573221,172.415555199377
Canterbury,M36/2284,-43.6224399976487,172.448902598943
Canterbury,M36/2679,-43.6611049370445,172.532067174974
Canterbury,M36/2857,-43.6449919068237,172.465274116091
Canterbury,M36/3071,-43.5668584562085,172.449100017164
Canterbury,M36/3467,-43.7000764454734,172.413467465096
Canterbury,M36/3588,-43.6660484667155,172.395813878993
Canterbury,M36/3712,-43.6839356931948,172.505586573129
Canterbury,M36/3791,-43.6133351166957,172.435626498495
Canterbury,M36/4788,-43.6307879868062,172.516844366447
Canterbury,M36/5128,-43.7468239804076,172.328256236206
Canterbury,M36/5248,-43.5863577110447,172.413941077239
Canterbury,M36/5255,-43.6198604748996,172.480667116329
Canterbury,M36/7734,-43.6871199350484,172.319294449621
Canterbury,M36/8187,-43.5992933806135,172.314586144081
Canterbury,M37/0130,-43.871425709555,172.284952685672
Canterbury,M37/0242,-43.8725746204255,172.282947555128
Canterbury,M37/0287,-43.8348505148508,172.54480435923
Canterbury,M37/0463,-43.8571410903688,172.328698798577
Canterbury,M37/0499,-43.8396569489919,172.312226119423
Canterbury,N32/0062,-42.7146399252982,173.018294054247
Canterbury,N32/0108,-42.7291105734575,173.219237605503
Canterbury,N32/0491,-42.6687467364231,172.861870502394
Canterbury,N33/0103,-42.7902502537726,172.8354467224
Canterbury,N33/0166,-42.7488967786403,173.223315165819
Canterbury,N33/0194,-42.8001529557089,172.794428481042
Canterbury,N33/0200,-42.7508093954512,172.939196178581
Canterbury,N33/0204,-42.7764645686193,172.936628397409
Canterbury,N33/0205,-42.7650545994259,172.889181164355
Canterbury,N34/0062,-43.1602007754858,172.787419565139
Canterbury,N34/0064,-43.1599207809528,172.786965412717
Canterbury,N34/0109,-43.045296675268,172.777282484487
Canterbury,O31/0107,-42.373121196624,173.634915562181
Canterbury,O31/0121,-42.3578568001844,173.677262103044
Canterbury,O31/0196,-42.3942838847216,173.610306487962
Canterbury,O31/0219,-42.4115040157011,173.639908642687
Canterbury,O33/0049,-42.8109530119453,173.257712374451
Canterbury,O33/0061,-42.811350943747,173.272538384453
Canterbury,O33/0078,-42.7389183895145,173.280748466586
Canterbury,BY19/0026,-44.0720314556031,171.331877139063
Canterbury,BY21/0199,-43.9228902729697,171.692782482154
Canterbury,CA19/0055,-44.7363451463972,171.086682126252
Canterbury,H38/0051,-44.2683219753469,170.0763350442
Canterbury,H39/0048,-44.4895886658282,170.007216030631
Canterbury,H39/0133,-44.4188126891153,169.97451749146
Canterbury,I38/0085,-44.1576230231306,170.455627975574
Canterbury,I39/0007,-44.3538504454813,170.259664487794
Canterbury,I40/0543,-44.8234042638006,170.569051459374
Canterbury,I40/0666,-44.7862157703183,170.507257674224
Canterbury,J37/0031,-44.0378960922283,170.827722397161
Canterbury,J37/0033,-44.0411889427793,170.81062762827
Canterbury,J38/0045,-44.3030910953164,171.193096421741
Canterbury,J38/0255,-44.3251772769506,171.242257899824
Canterbury,J38/0259,-44.2857058290812,171.184543192631
Canterbury,J38/0889,-44.2941540548033,171.242895532423
Canterbury,J39/0009,-44.4913993061191,171.217537883971
Canterbury,J39/0090,-44.5005400396391,171.199372021405
Canterbury,J39/0091,-44.5337019799037,171.169137768857
Canterbury,J39/0109,-44.4549625323077,171.11150739058
Canterbury,J39/0259,-44.4160018780304,171.233773079497
Canterbury,J39/0261,-44.4185368502052,171.222504570646
Canterbury,J39/0378,-44.5313642003498,171.114551759678
Canterbury,J39/0396,-44.5411710833785,171.181340295693
Canterbury,J39/0412,-44.4649847584689,171.122561225708
Canterbury,J39/0532,-44.5271618935234,171.190900308786
Canterbury,J39/0555,-44.5698509887913,171.146493315443
Canterbury,J39/0661,-44.6073581228426,171.148879513509
Canterbury,J39/0716,-44.5643286198275,171.009370434074
Canterbury,J40/0011,-44.7267865895988,171.125323184637
Canterbury,J40/0019,-44.6972477586483,171.026377562985
Canterbury,J40/0022,-44.7363254593039,171.086581735497
Canterbury,J40/0053,-44.8385307740162,171.102951317818
Canterbury,J40/0080,-44.7287255349818,171.069885135555
Canterbury,J40/0081,-44.6836425292911,171.097276514136
Canterbury,J40/0085,-44.6638974035012,171.138603758718
Canterbury,J40/0106,-44.8712952868746,171.136093658324
Canterbury,J40/0118,-44.842387665828,171.145934167989
Canterbury,J40/0620,-44.8617628810746,170.877809744029
Canterbury,J40/0632,-44.7134665941152,171.02306129824
Canterbury,J40/0869,-44.8691173200488,171.078033554983
Canterbury,J40/0995,-44.6340234296629,171.156113338201
Canterbury,J41/0004,-44.8897773589721,171.040975522897
Canterbury,K37/0130,-44.038667828865,171.303321656041
Canterbury,K37/0243,-44.0061332718393,171.500502408831
Canterbury,K37/0266,-43.9202166527565,171.520785893244
Canterbury,K37/0493,-43.9628453716158,171.317585092138
Canterbury,K37/0619,-44.0382679569158,171.735029087087
Canterbury,K37/0689,-43.8425125068063,171.521227260259
Canterbury,K37/1010,-44.0458919646767,171.685424165084
Canterbury,K37/2036,-44.0114462037422,171.517821188001
Canterbury,K37/2303,-43.958032235429,171.6518283998
Canterbury,K37/2314,-44.0382372199734,171.683696370917
Canterbury,K37/2438,-43.8992366946966,171.395245316339
Canterbury,K37/2439,-44.0142324635248,171.536303125716
Canterbury,K37/2479,-43.8555223847644,171.316276324209
Canterbury,K37/2871,-43.9597778563249,171.651739064205
Canterbury,K38/0105,-44.2333681908522,171.399851940442
Canterbury,K38/0406,-44.2434435662375,171.308704407798
Canterbury,K38/0407,-44.1926294564478,171.282104044583
Canterbury,K38/0408,-44.1192502230603,171.278870693386
Canterbury,K38/0459,-44.1672728685193,171.386155513006
Canterbury,K38/0690,-44.2254387551277,171.403872959636
Canterbury,K38/1712,-44.269929379236,171.341787440484
Canterbury,K38/1774,-44.1276199898188,171.530692978962
Canterbury,K38/1776,-44.258111737542,171.365119538754
Canterbury,K38/1807,-44.1213674715496,171.588177373391
Canterbury,K38/2316,-44.2720390750485,171.255571139759
Canterbury,K39/0006,-44.3471333922013,171.249166977538
Canterbury,K39/0258,-44.3491478294186,171.26317164605
Gisborne,Willows Rd Obs Gdc Willows Road GPC028,-38.67290052,177.94675042
Gisborne,Cameron Rd No4 Bore GPB102,-38.64293537,177.98205652
Gisborne,Awapuni Rd Bore GPC031,-38.66733965,177.96107956
Gisborne,Awapuni-McDonald Rd Bore GPC030,-38.66985808,177.96580214
Gisborne,Bloomfield Rd GPD132,-38.63656367,177.9411001
Gisborne,Brodie 47 Judd Road GPI026,-38.60406615,177.90416404
Gisborne,Caesar Rd No1 Bore GPG058,-38.56607786,177.91888177
Gisborne,Caesar Rd No2 Bore GPG059,-38.56608027,177.91882459
Gisborne,Caesar Rd No4 Bore GPG088,-38.56605443,177.91922425
Gisborne,Cameron Rd No1 Bore GPB099,-38.64289897,177.98206548
Gisborne,Cameron Rd No2 Bore GPB100,-38.64290795,177.9820661
Gisborne,Cameron Rd No5 Bore GPB135,-38.64287955,177.98209857
Gisborne,Campion Rd Bore GPB111,-38.64715951,177.98961786
Gisborne,Childers/Stanley Rd Bore GPA004,-38.65988224,178.00791245
Gisborne,Clarke Matawai Road (SH2) GPH030,-38.49067128,177.9047902
Gisborne,College Vineyard Partnership GPF090,-38.59384579,177.93919588
Gisborne,Coppell 437 Kirkpatrick Rd GPI032,-38.61759956,177.90653386
Gisborne,Dodds 1468 Matawai Road (SH2) GPG077,-38.53302271,177.9113742
Gisborne,Dougan OGrady Road GPF117,-38.61459548,177.94677355
Gisborne,Duncan Pr GPJ070,-38.64228471,177.91907071
Gisborne,Dungan 100 Deep GPC062,-38.68650765,177.94565607
Gisborne,Eade Rd Bore GPJ040,-38.63410924,177.91071554
Gisborne,East Coast Fertiliser McDonald Road GPC027,-38.67319517,177.95656857
Gisborne,555 Back Ormond Road - Williams - GPB083,-38.63029361,177.99110887
Gisborne,Grays Bush Back Ormond Road GPF056,-38.59769754,177.95857644
Gisborne,Greaves GPC051,-38.69457203,177.93723918
Gisborne,Hansen/Nelson Rd (Cap) Bore GPB129,-38.63402246,177.97336763
Gisborne,Hansen/Nelson Rd (Scale) Bore GPB128,-38.63402246,177.97336763
Gisborne,Hardings Deep Bore 59 Farmer Rd GPD111,-38.64519266,177.94401343
Gisborne,Harper Road GPF162,-38.60689834,177.93311554
Gisborne,Hawea Bore 121 Bell Road GPD039,-38.6491271,177.94508825
Gisborne,Hika No2 Bore Ferry Road GPE040,-38.60108796,177.91588325
Gisborne,Hika No3 Bore Ferry Road GPE041,-38.60107947,177.91587119
Gisborne,Hika No5 Bore Ferry Road GPE059,-38.60105398,177.91583502
Gisborne,Hollis K GPJ081,-38.63271239,177.89187321
Gisborne,Jacobs - 14 Mullooly Road GPH028,-38.51298263,177.90119577
Gisborne,Kaiteratahi Recorder Humphery Rd GPH022,-38.52342719,177.89627773
Gisborne,Karaka Kiwi Farm No3 (Scale) 465 Nelson Road GPB039,-38.64403758,177.9903997
Gisborne,Kings Rd (Short) Scale King Road GPB126,-38.61889392,177.96662725
Gisborne,Kings Rd (Tall) Pvc King Road GPB125,-38.61889392,177.96662725
Gisborne,Kirkpatrick Winery Bore GPJ005,-38.63341518,177.86860486
Gisborne,Lardelli 765 Matawai Road GPE006,-38.59387048,177.92710439
Gisborne,Lloyd George Rd 10 - Gdc GPA163,-38.69322219,178.06387373
Gisborne,Makaraka - Mkg 130 Main Rd(SH2) GPD130,-38.65202175,177.959205
Gisborne,Makaraka - Mtk 129 Main Rd(SH2) GPD129,-38.65202175,177.959205
Gisborne,Mangatu 1179 Back Ormond Road GPF095,-38.58631,177.94746616
Gisborne,Te Maungarongo o Te Kooti Rikirangi Reserve Wetland GPC029,-38.66500624,177.94456353
Gisborne,Matawhero Orchard GPD146,-38.64100951,177.93392038
Gisborne,Mc Intyre 409 Matawai Rd (SH2) GPD116,-38.62521543,177.93669205
Gisborne,Mcphail - Makaraka GPC112,-38.65503087,177.96128478
Gisborne,McPhail GPC053,-38.65507694,177.9614717
Gisborne,McPhails Bore Lavenham Road GPH008,-38.53250232,177.89674522
Gisborne,Museum Transport and Technology GPB049,-38.64616479,177.96924879
Gisborne,Parker 44 Parker Lane GPC003,-38.65332985,177.97627884
Gisborne,Patterson 54 Bolitho Rd GPD115,-38.62430994,177.91611768
Gisborne,Patutahi Farms Ltd GPJ080,-38.63439099,177.83972888
Gisborne,Peach M GPC050,-38.68590878,177.93938803
Gisborne,"Poverty Bay Golf Club, Lytton Road GPA036",-38.66940987,177.99023543
Gisborne,Poverty Bay Turf Club GPC078,-38.64944702,177.96977462
Gisborne,Railway Recorder GPC026,-38.67471289,177.96090054
Gisborne,Roberts GPJ033,-38.63383278,177.89285647
Gisborne,Roberts PHR GPJ034,-38.63405937,177.89325076
Gisborne,Te Karaka Primary School -Ioapa rd - new bore GPO052,-38.46909809,177.87029213
Gisborne,Tirohanga partnership GPG111,-38.57851684,177.93458727
Gisborne,Vercoe GPO004,-38.48396968,177.88161728
Gisborne,Vm Taylor Kawatiri Rd GPF071,-38.60195293,177.96226651
Gisborne,Wainui Bores 4A GPA164,-38.68088448,178.0751093
Gisborne,Wanklyn 144 Ngakoroa Road GPG076,-38.53194905,177.92660512
Gisborne,Williamson St 11 - Gdc GPA162,-38.67660831,178.07798826
Gisborne,Wilson J GPO028,-38.48393881,177.90750609
Gisborne,Yagar 125 Haisman Road GPB009,-38.6223429,177.97380994
Hawke's Bay,1756,-39.0025426088341,177.395692059814
Hawke's Bay,1756,-39.00254,177.3957
Hawke's Bay,1835,-39.8824969412754,176.661597297074
Hawke's Bay,1835,-39.8825,176.6616
Hawke's Bay,1846,-40.0115507615238,176.396541675331
Hawke's Bay,1846,-40.01155,176.3965
Hawke's Bay,1858,-39.5681129739358,176.902659988825
Hawke's Bay,1858,-39.56811,176.9027
Hawke's Bay,1727,-39.5435535689248,176.919413648057
Hawke's Bay,1727,-39.54355,176.9194
Hawke's Bay,1765,-40.0039478994178,176.279388232848
Hawke's Bay,1765,-40.00395,176.2794
Hawke's Bay,1780,-39.6519208911122,176.827100315176
Hawke's Bay,1780,-39.65192,176.8271
Hawke's Bay,1810,-39.9234428001715,176.52577674323
Hawke's Bay,1810,-39.92344,176.5258
Hawke's Bay,1812,-39.9735769950467,176.491357357669
Hawke's Bay,1812,-39.97358,176.4914
Hawke's Bay,1838,-39.817002582837,176.690664480688
Hawke's Bay,1838,-39.817,176.6907
Hawke's Bay,1839,-40.0049904206279,176.360832367241
Hawke's Bay,1839,-40.00499,176.3608
Hawke's Bay,1856,-39.5681129739358,176.902659988825
Hawke's Bay,1856,-39.56811,176.9027
Hawke's Bay,1857,-39.5681129739358,176.902659988825
Hawke's Bay,1857,-39.56811,176.9027
Hawke's Bay,1864,-39.6413343565503,176.776943814437
Hawke's Bay,1864,-39.64133,176.7769
Hawke's Bay,1871,-39.5681129739358,176.902659988825
Hawke's Bay,1871,-39.56811,176.9027
Hawke's Bay,3459,-39.6635834971189,176.778304744708
Hawke's Bay,3459,-39.66358,176.7783
Hawke's Bay,3824,-39.9774170721307,176.359075476983
Hawke's Bay,3824,-39.97742,176.3591
Hawke's Bay,5237,-39.9145124983203,176.374580106016
Hawke's Bay,5237,-39.91451,176.3746
Hawke's Bay,5238,-39.9600968102515,176.399555868386
Hawke's Bay,5238,-39.9601,176.3996
Hawke's Bay,5239,-39.6235425981281,176.88790356024
Hawke's Bay,5239,-39.62354,176.8879
Hawke's Bay,5240,-39.6235531653807,176.88785753211
Hawke's Bay,5240,-39.62355,176.8879
Hawke's Bay,5241,-39.8886500713337,176.422959738273
Hawke's Bay,5241,-39.88865,176.423
Hawke's Bay,5339,-39.9653864075094,176.643991623462
Hawke's Bay,5339,-39.96539,176.644
Hawke's Bay,5606,-39.981208615717,176.326551558631
Hawke's Bay,5606,-39.98121,176.3266
Hawke's Bay,5604,-40.021571700196,176.264645681271
Hawke's Bay,5604,-40.02157,176.2646
Hawke's Bay,5335,-39.5926144693276,176.782523250735
Hawke's Bay,5335,-39.59261,176.7825
Hawke's Bay,5336,-39.5926054695741,176.782522760589
Hawke's Bay,5336,-39.59261,176.7825
Hawke's Bay,5607,-40.0081669466996,176.323706394821
Hawke's Bay,5607,-40.00817,176.3237
Hawke's Bay,5611,-39.8096900145449,176.474176324925
Hawke's Bay,5611,-39.80969,176.4742
Hawke's Bay,5613,-39.9025169757958,176.514738337136
Hawke's Bay,5613,-39.90252,176.5147
Hawke's Bay,5614,-39.8834732799697,176.512309053766
Hawke's Bay,5614,-39.88347,176.5123
Hawke's Bay,5616,-39.9304897688221,176.441423279293
Hawke's Bay,5616,-39.93049,176.4414
Hawke's Bay,5618,-39.992256320346,176.448991236698
Hawke's Bay,5618,-39.99226,176.449
Hawke's Bay,6676,-39.9460346053863,176.49068718171
Hawke's Bay,6676,-39.94603,176.4907
Hawke's Bay,5609,-39.9650287057394,176.486117677491
Hawke's Bay,5609,-39.96503,176.4861
Hawke's Bay,5620,-39.8250736230146,176.360700470814
Hawke's Bay,5620,-39.82507,176.3607
Hawke's Bay,5622,-40.0322693471375,176.410049213277
Hawke's Bay,5622,-40.03227,176.41
Hawke's Bay,5621,-40.0371355399532,176.270081805672
Hawke's Bay,5621,-40.03714,176.2701
Hawke's Bay,5608,-40.0236518423819,176.43257223952
Hawke's Bay,5608,-40.02365,176.4326
Hawke's Bay,6699,-39.6471261632876,176.90124607247
Hawke's Bay,6699,-39.64713,176.9012
Hawke's Bay,6698,-39.6316693117009,176.849397783642
Hawke's Bay,6698,-39.63167,176.8494
Hawke's Bay,6960,-39.6933564359034,176.810419484821
Hawke's Bay,6960,-39.69336,176.8104
Hawke's Bay,6679,-40.0049097585171,176.360816671593
Hawke's Bay,6679,-40.00491,176.3608
Hawke's Bay,6678,-39.9440969104368,176.423057010729
Hawke's Bay,6678,-39.9441,176.4231
Hawke's Bay,28,-39.5013932209622,176.918977014198
Hawke's Bay,28,-39.50139,176.919
Hawke's Bay,5655,-39.5480567876129,176.85682015872
Hawke's Bay,5655,-39.54806,176.8568
Hawke's Bay,3473,-39.6280528085041,176.723334824638
Hawke's Bay,3473,-39.62805,176.7233
Hawke's Bay,3475,-39.6678625386983,176.926952733701
Hawke's Bay,3475,-39.66786,176.927
Hawke's Bay,3494,-39.8813434483864,176.433450927706
Hawke's Bay,3494,-39.88134,176.4335
Hawke's Bay,3476,-39.898061826603,176.421078889586
Hawke's Bay,3476,-39.89806,176.4211
Hawke's Bay,3477,-39.8804471207118,176.490872578278
Hawke's Bay,3477,-39.88045,176.4909
Hawke's Bay,1772,-39.6519208911122,176.827100315176
Hawke's Bay,1772,-39.65192,176.8271
Hawke's Bay,20,-39.522907830834,176.862341640429
Hawke's Bay,20,-39.52291,176.8623
Hawke's Bay,5658,-39.9019422374737,176.457458121727
Hawke's Bay,5658,-39.90194,176.4575
Hawke's Bay,1719,-39.6352522640886,176.764741102792
Hawke's Bay,1719,-39.63525,176.7647
Hawke's Bay,1714,-39.6042770268911,176.761428512661
Hawke's Bay,1714,-39.60428,176.7614
Hawke's Bay,3480,-39.6519208911122,176.827100315176
Hawke's Bay,3480,-39.65192,176.8271
Hawke's Bay,5638,-39.0318635918211,176.28597897534
Hawke's Bay,5638,-39.03186,176.286
Hawke's Bay,5639,-38.9728641018396,176.294842679128
Hawke's Bay,5639,-38.97286,176.2948
Hawke's Bay,5646,-38.8885155254454,176.28014477306
Hawke's Bay,5646,-38.88852,176.2801
Hawke's Bay,5647,-39.0138129200772,176.270044685477
Hawke's Bay,5647,-39.01381,176.27
Hawke's Bay,5601,-39.8500640123909,176.45163264928
Hawke's Bay,5601,-39.85006,176.4516
Hawke's Bay,6988,-39.4957769089002,176.838191853904
Hawke's Bay,6988,-39.49578,176.8382
Hawke's Bay,5641,-38.9276638214701,176.29379816392
Hawke's Bay,5641,-38.92766,176.2938
Hawke's Bay,5642,-38.9410793872129,176.284401693246
Hawke's Bay,5642,-38.94108,176.2844
Hawke's Bay,7252,-39.8195723868684,176.453087991925
Hawke's Bay,7252,-39.81957,176.4531
Hawke's Bay,7497,-39.0570789712135,177.835161088899
Hawke's Bay,7497,-39.05708,177.8352
Manawat??-Whanganui,209005,-39.91053,174.9815
Manawat??-Whanganui,301019,-40.06993,175.1766
Manawat??-Whanganui,312001,-40.18707,175.2762
Manawat??-Whanganui,316037,-40.1796,175.6261
Manawat??-Whanganui,338005,-40.37213,175.8656
Manawat??-Whanganui,339001,-40.33653,175.9901
Manawat??-Whanganui,342051,-40.478,175.2802
Manawat??-Whanganui,346031,-40.4017,175.6465
Manawat??-Whanganui,353291,-40.58817,175.3572
Manawat??-Whanganui,698011,-39.87232,174.8973
Manawat??-Whanganui,312020,-40.13105,175.2926
Manawat??-Whanganui,315027,-40.18407,175.5861
Manawat??-Whanganui,324067,-40.21712,175.4268
Manawat??-Whanganui,334091,-40.37502,175.4843
Manawat??-Whanganui,336114,-40.34988,175.6571
Manawat??-Whanganui,348134,-40.43116,175.8636
Manawat??-Whanganui,352099,-40.59124,175.27440000000001
Manawat??-Whanganui,352312,-40.55652,175.2129
Manawat??-Whanganui,353015,-40.55738,175.3458
Manawat??-Whanganui,353121,-40.58393,175.3603
Manawat??-Whanganui,353251,-40.56603,175.3221
Manawat??-Whanganui,357109,-40.51744,175.7559
Manawat??-Whanganui,362001,-40.65664,175.2212
Manawat??-Whanganui,362921,-40.69543,175.2661
Manawat??-Whanganui,363112,-40.61935,175.3275
Manawat??-Whanganui,372003,-40.70802,175.208
Manawat??-Whanganui,372034,-40.71748,175.2079
Manawat??-Whanganui,372136,-40.71759,175.2164
Manawat??-Whanganui,319004,-40.17939,175.9891
Manawat??-Whanganui,332039,-40.3089,175.2555
Manawat??-Whanganui,332065,-40.3679,175.2886
Manawat??-Whanganui,347056,-40.46536,175.7834
Manawat??-Whanganui,402001,-40.07626,176.2181
Manawat??-Whanganui,421013,-40.23988,176.1185
Manawat??-Whanganui,430008,-40.30002,176.0198
Marlborough,4118,-41.50128,173.8761
Marlborough,188,-41.45817,173.9996
Marlborough,548,-41.50661,173.8161
Marlborough,662,-41.51305,173.8717
Marlborough,4403,-41.50437,174.0043
Marlborough,2651,-41.50399,173.7657
Marlborough,3120,-41.50878,173.9372
Marlborough,398,-41.49174,173.8109
Marlborough,bore 15,-41.55346,173.5221
Marlborough,3278,-41.52427,173.8861
Marlborough,448,-41.35614,173.95
Marlborough,1634,-41.40217,174.0389
Marlborough,4442,-41.42294,174.0106
Marlborough,10323,-41.2394,173.583
Marlborough,447,-41.29427,173.858
Marlborough,3217,-41.56024,173.8461
Marlborough,1945,-41.55432,173.8095
Marlborough,4404,-41.48236,173.9413
Marlborough,10346,-41.51731,174.049
Marlborough,1733,-41.48318,174.0344
Marlborough,3009,-41.47029,173.8997
Marlborough,3069,-41.53949,173.7892
Marlborough,4402 Alabama Road,-41.52678,173.9868
Northland,Aupouri GW at 1 Kaka St (Ahipara NGMP site),-35.16236,173.1615
Northland,Aupouri GW at 4036 Far North Rd (Fish Club),-34.81985,173.1248
Northland,Aupouri GW at 419 Paparore Rd (FN Farms NGMP site),-34.98561,173.2066
Northland,Aupouri GW at Far North Rd (Awanui Farms),-35.02892,173.2545
Northland,Bland Bay GW at Whangaruru Nth Rd (Camp New Bore),-35.34619,174.3535
Northland,Bland Bay GW at Whangaruru Nth Rd (Camp Old Bore),-35.34634,174.3538
Northland,Coopers Cable GW at 154 SH10 (Youth Camp),-34.9926,173.5118
Northland,Coopers Cable GW at 422 SH10 (Croquet Club),-34.99063,173.4791
Northland,Glenbervie GW at 225 Ngunguru Rd (Green NGMP site),-35.67111,174.3507
Northland,Glenbervie GW at 294 Ngunguru Rd,-35.6676,174.3576
Northland,Aupouri GW at 87 Hukatere Rd old bore (NGMP site),-34.84845,173.1184
Northland,Kaikohe GW at 75 Thorpe Rd (Nursery NGMP site),-35.42181,173.7991
Northland,Mangawhai GW at Black Swamp Rd (Riverside Camp),-36.13084,174.585
Northland,Mangawhai Heads GW at Moir Point Rd (Hideaway Camp),-36.11568,174.5854
Northland,Mangawhai Heads GW at Golf Club (SOE Bore),-36.09535,174.5853
Northland,Matapouri GW at 15 Te Wairoa Street,-35.56595,174.5072
Northland,Matarau GW at 1342 Pipiwai Rd,-35.65666,174.1666
Northland,Maungakaramea GW at 88 Maungakaramea Rd,-35.85095,174.2027
Northland,Maunu East GW at 507 SH14,-35.74468,174.2678
Northland,Ngunguru GW at 1919 Ngunguru Rd,-35.63329,174.5005
Northland,Oakura Bay GW at 3 Te Kapua Street,-35.39028,174.3439
Northland,Pataua North GW at WDC Public Toilets,-35.71255,174.5223
Northland,Pataua South GW at WDC Public Toilets,-35.71591,174.5202
Northland,Ruawai GW at Westlake St (KDC Bore 3),-36.13864,174.0225
Northland,Russell GW at 47 The Strand,-35.26024,174.1209
Northland,Sandy Bay GW at WDC Public Toilets,-35.55663,174.4742
Northland,Taiharuru Bay GW at WDC Public Toilets,-35.73011,174.5517
Northland,Taipa GW at Mamaru Rd (High School),-34.99466,173.4647
Northland,Tara GW at 551 Tara Rd (Orchard NGMP site),-36.1059,174.5169
Northland,Taupo Bay GW at 53 Marlin Drive,-34.99539,173.712
Northland,Te Ngaere Bay GW at 1779 Wainui Rd,-35.02161,173.8681
Northland,Three Mile Bush GW at 439 3 Mile Bush Rd,-35.69194,174.2543
Northland,Tutukaka GW at Matapouri Rd (NGMP site),-35.60933,174.524
Northland,Kerikeri GW at 10 Pungaere Rd,-35.20201,173.9118
Northland,Aupouri GW at End of West Coast Rd,-35.03488,173.168
Northland,Whananaki North GW at WDC Public Toilets,-35.50842,174.4639
Northland,Whangaumu Bay GW at WDC Public Toilets,-35.63568,174.5316
Northland,Whatitiri GW at 311 Kerehanga Rd,-35.76361,174.1363
Northland,Aupouri GW at Kaimaumau Rd (NRC Shallow Bore),-34.93189,173.2458
Northland,Aupouri GW at Kaimaumau Rd (NRC Deep Bore),-34.93204,173.2456
Northland,Aupouri GW at 87 Hukatere Rd new bore (NGMP site),-34.84845,173.1184
Otago,F40/0025,-44.70475,169.1418
Otago,F40/0206,-44.70539,169.1873
Otago,F41/0104,-44.99908,168.7831
Otago,F41/0162,-44.98592,169.1884
Otago,F41/0300,-45.05765,169.1643
Otago,F42/0113,-45.33341,168.7177
Otago,G40/0175,-44.83096,169.4134
Otago,G40/0206,-44.76156,169.3293
Otago,G41/0211,-44.85172,169.3703
Otago,G41/0254,-45.07793,169.5775
Otago,G42/0123,-45.21125,169.3993
Otago,G42/0290,-45.2026,169.4095
Otago,G43/0009,-45.64063,169.3729
Otago,G44/0127,-45.88697,169.2286
Otago,G44/0136,-45.88035,169.2754
Otago,G45/0225,-46.01607,169.2244
Otago,H43/0132,-45.49702,170.1247
Otago,H44/0007,-45.91083,170.1493
Otago,H45/0314,-46.07807,170.0027
Otago,H46/0118,-46.29568,169.7434
Otago,H46/0144,-46.27705,169.821
Otago,I44/0495,-45.85839,170.3239
Otago,I44/0519,-45.84659,170.3302
Otago,I44/0821,-45.85292,170.3724
Otago,I44/0964,-45.87711,170.3262
Otago,J41/0008,-45.13119,170.9
Otago,J41/0317,-44.94974,171.0773
Otago,J41/0442,-44.92764,170.9191
Otago,J41/0571,-45.00275,171.0472
Otago,J41/0576,-44.97886,171.0686
Otago,J41/0586,-44.93794,171.0271
Otago,J42/0126,-45.17123,170.8991
Otago,J43/0006,-45.47126,170.7209
Otago,Kakanui at Bore 10 Gemmels Crossing,-45.11706,170.8261
Otago,Kakanui at Bore 3 Wallis Farm,-45.06467,170.7828
Otago,Kakanui at Bore 5 Newlands Farm,-45.08823,170.7807
Otago,F40/0045,-44.72662,169.1595
Otago,Arrow Groundwater at Morven Ferry,-44.9855,168.8435
Otago,White-Hall Bore,-45.508,169.2929
Otago,G40/0120,-44.65262,169.2773
Southland,F44/0467,-45.78189,168.712
Southland,F46/0185,-46.34526,168.7742
Southland,E44/0008,-45.85579,168.6175
Southland,F46/0184,-46.31332,168.8281
Southland,E45/0011,-46.14184,168.2228
Southland,E45/0012,-46.0584,168.2414
Southland,E46/0097,-46.34915,168.3921
Southland,F45/0167,-45.94095,168.7717
Southland,E46/0094,-46.29053,168.178
Southland,E46/0099,-46.2428,168.3334
Southland,E44/0036,-45.86731,168.5495
Southland,F45/0168,-46.0653,168.9498
Southland,D45/0004,-46.02596,168.0343
Southland,E46/0092,-46.18376,168.0952
Southland,D45/0005,-46.12201,168.0219
Southland,F46/0183,-46.33124,168.5886
Southland,F44/0139,-45.78599,168.741
Southland,D43/0004,-45.5452,167.8948
Southland,D46/0031,-46.25671,168.04
Southland,E44/0044,-45.87626,168.3323
Southland,E44/0007,-45.79094,168.4307
Southland,E45/0034,-46.07686,168.3313
Southland,E45/0768,-46.05959,168.1727
Southland,E43/0026,-45.5093,168.574
Southland,F44/0018,-45.75795,168.7392
Southland,E44/0087,-45.6858,168.4144
Southland,D43/0067,-45.53302,167.6437
Southland,D45/0276,-46.01648,167.6911
Southland,D46/0247,-46.32969,168.0523
Southland,E45/0699,-46.12239,168.0981
Southland,E46/0013,-46.25271,168.4066
Southland,F45/0610,-45.91585,168.6211
Southland,E46/0867,-46.33922,168.3216
Taranaki,GND0430,-39.52922,174.3241
Taranaki,GND0451,-39.58178,174.1808
Taranaki,GND0514,-38.98199,174.4319
Taranaki,GND0563,-39.31548,174.3807
Taranaki,GND0636,-39.47028,174.134
Taranaki,GND0827,-39.5814,174.1829
Taranaki,GND0829,-39.76132,174.5053
Taranaki,GND0834,-39.58454,174.2425
Taranaki,GND0866,-39.60278,174.454
Taranaki,GND1075,-39.33447,174.3172
Taranaki,GND1091,-39.06319,174.2406
Taranaki,GND1095,-39.24541,173.8499
Taranaki,GND1101,-39.30725,173.7642
Taranaki,GND1105,-39.48148,174.2076
Taranaki,GND1112,-39.55187,174.189
Taranaki,GND1194,-39.66193,174.4512
Taranaki,GND1196,-39.43264,174.2697
Taranaki,GND1718,-39.01719,174.3982
Taranaki,GND2098,-39.11708,173.9479
Taranaki,GND2114,-39.18914,173.871
Taranaki,GND2166,-39.27827,174.182
Taranaki,GND2197,-39.74077,174.4589
Taranaki,GND2213,-39.0662,174.1564
Taranaki,GND2242,-39.76335,174.6235
Taranaki,GND2484,-39.13609,174.1289
Taranaki,GND2513,-39.15856,174.3641
Taranaki,GND3006,-39.31513,173.8895
Taranaki,GND3011,-39.54415,173.988
Taranaki,GND3012,-39.43149,173.8556
Taranaki,GND3014,-39.40801,174.0625
Taranaki,GND3027,-39.16788,174.2388
Taranaki,GND0508,-39.11536,174.0876
Taranaki,GND0213,-39.00308,174.2841
Tasman,GW 3115 - Drummond,-41.08965,172.9903
Tasman,GW 23759 - Collingwood,-40.66958,172.6432
Tasman,GW 6342 - Takaka Fire,-40.85738,172.8063
Tasman,GW 6601 - Central Takaka Water Bore,-40.87673,172.8175
Tasman,GW Pupu Main Spring,-40.84793,172.7686
Tasman,GW 3393 - Kildrummy,-41.13579,172.9997
Tasman,GW 23604 - Bensemann,-41.12188,173.0207
Tasman,GW 23806 - Tapawera,-41.39502,172.8226
Tasman,GW 8054 - Middletons,-41.27701,173.0903
Tasman,GW 8404 - Wrattens,-41.16575,172.9846
Tasman,GW 8407 - Williams,-41.1942,172.9898
Tasman,GW 114 - TDC Roadside,-41.37332,173.1235
Tasman,GW 997 - McCliskies,-41.30288,173.1077
Tasman,GW 37 - Gardner,-41.34181,173.1417
Tasman,GW 32 - TDC,-41.32319,173.1668
Tasman,GW 802 - Waiwest,-41.31306,173.1344
Tasman,GW 1392 - Spring Grove,-41.39251,173.0707
Tasman,GW 23658 - TDC Prod 1 Murchison,-41.8028,172.3205
Tasman,GW 3216 - Ngati Raru,-41.11193,172.9993
Tasman,GW Fish Creek Spring,-40.84987,172.7687
Waikato,Bore (Waikato) at Ferguson J,-37.76424,175.3303
Waikato,Bores (Waikato Region) at Waihora #6 (WT485) new - piezometer,-38.61148,175.7864
Waikato,Bore (Franklin) at Hira Bhana No2,-37.23634,174.9479
Waikato,Bore (Coromandel) at Cooks Beach Fire Station,-36.83833,175.7425
Waikato,Bore (Coromandel) at Carter D,-36.83975,175.7021
Waikato,Bore (Coromandel) at Hahei Holidays Tanks (Obs8),-36.84202,175.8083
Waikato,Bore (Coromandel) at Garland R,-37.0429,175.5214
Waikato,Bore (Coromandel) at Awapuketea Farming Company Limited,-37.06179,175.7961
Waikato,Bore (Coromandel) at Consented Site Tairua Country Club,-36.9988,175.8488
Waikato,Bore (Franklin) at Welch D,-37.23912,174.9515
Waikato,Bore (Franklin) at Doidge EJF,-37.33055,174.9053
Waikato,Bore (Franklin) at Graham F,-37.26761,174.7436
Waikato,Bore (Franklin) at Coles Paul & Linda (ex Handcock),-37.32576,174.9837
Waikato,Bore (Franklin) at Kelly,-37.25975,174.7622
Waikato,Bore (Franklin) at Lam DHA,-37.32659,174.9749
Waikato,Bore (Franklin) at Cooper & Lang Parts (McKinnon),-37.3578,175.0023
Waikato,Bore (Franklin) at Shepherd R,-37.3356,175.0112
Waikato,Bore (Franklin) at Smythe,-37.32842,174.9148
Waikato,Bore (Franklin) at M.S & Myung (ex Sutton)(Pukekohe GNS),-37.27026,174.9368
Waikato,Bore (Franklin) at Whitton T & K,-37.32628,174.9633
Waikato,Bore (Hauraki) at MacGregor,-37.35775,175.4009
Waikato,Bore (Hauraki) at Doran R & D,-37.39196,175.6111
Waikato,Bore (Hauraki) at Mains D & K  (Gray A),-37.3079,175.4009
Waikato,Bore (Hauraki) at Nurseries B & B (Youle),-37.41757,175.9021
Waikato,Bore (Hauraki) at Wakefield GK & SI  (Lawrence JA),-37.4159,175.8863
Waikato,Bore (Hauraki) at Morgan M,-37.40307,175.8109
Waikato,Bore (Hauraki) at Lobb .S   (Browne T),-37.37265,175.8942
Waikato,Bore (Matamata-Piako) at Vance R (ex Brosnan R),-37.65557,175.6619
Waikato,Bore (Matamata-Piako) at MacLean D,-37.69301,175.7143
Waikato,Bore (Matamata-Piako) at Furness Bros,-37.80521,175.7587
Waikato,Bore (Matamata-Piako) at Lynch L,-37.82853,175.7793
Waikato,Bore (Matamata-Piako) at Troughton M,-37.76608,175.7877
Waikato,Bore (Matamata-Piako) at Mattock (ex Bell),-37.75063,175.8293
Waikato,Bore (Matamata-Piako) at Sheehan K,-37.65923,175.7806
Waikato,Bore (Matamata-Piako) at Todd K & S,-37.74766,175.6824
Waikato,Bore (Matamata-Piako) at Vowles D.R & L.D,-37.7112,175.6129
Waikato,Bore (Matamata-Piako) at Webb DE,-37.70768,175.7953
Waikato,Bore (Matamata-Piako) at Wilcox Piezometer,-37.87882,175.7375
Waikato,Bore (Matamata-Piako) at Tauwhare Reservoir Bore - Hauraki Graben,-37.80095,175.7768
Waikato,Bore (Matamata-Piako) at Springdale School,-37.53269,175.5684
Waikato,Bore (Matamata-Piako) at Matamata Aerodrome Tamihana (PZ1),-37.73415,175.7399
Waikato,Bore (Otorohanga) at Martin RJ   ( ex Cook),-38.15888,175.2706
Waikato,Bore (Rotorua) at Sandrey J (New Owners:Zoetermeer Trust),-38.32824,176.2542
Waikato,Bore (Rotorua) at Burbery D,-38.45825,176.3775
Waikato,Bore (Rotorua) at Reporoa Town Hall (Deep),-38.4375,176.341
Waikato,Bore (Rotorua) at Reporoa Town Hall (Shallow),-38.43758,176.3409
Waikato,Bore (Rotorua) at Weren # 1 (obs),-38.49092,176.3852
Waikato,Bore (South Waikato) at Ball A - ex Davis,-37.91104,175.7687
Waikato,Bore (South Waikato) at Haire J & B,-38.0111,175.8217
Waikato,Bore (South Waikato) at Berger B,-38.11192,175.8403
Waikato,Bore (South Waikato) at Goodman K & L (ex Burwell),-38.15979,175.8474
Waikato,Bore (South Waikato) at Hart,-38.11129,175.8112
Waikato,Bore (Taupo) at Ramsey G,-38.64256,175.9359
Waikato,Bore (Taupo) at Law #1 GJ & KD,-38.63746,175.8778
Waikato,Bore (Taupo) at Great Lake Motor Camp - Production Bore,-38.69022,176.0448
Waikato,Bore (Taupo) at Kuratau Piezometer (NGMP),-38.89141,175.7732
Waikato,Bore (Waikato) at Cutforth JRA,-37.69597,175.3586
Waikato,Bore (Waikato) at MacDonald T & C (Barr),-37.56038,175.2883
Waikato,Bore (Waikato) at Martin P - Hamilton Basin,-37.80701,175.4115
Waikato,Bore (Waipa) at Entwisle J & A,-37.85542,175.5006
Waikato,Bore (Waipa) at Boggiss (ex Short),-37.99029,175.2064
Waikato,Bore (Waipa) at Reid K,-37.89776,175.2003
Waikato,Bore (Waitomo) at McPhee B.D,-38.28269,175.3259
Waikato,Bore (Waitomo) at Roselands Restaurant,-38.28417,175.0983
Waikato,Bore (Waitomo) at James S,-38.34094,175.0885
Waikato,Bore (Waitomo) at Symonds,-38.31588,175.1456
Waikato,Bores (Waikato Region) at Hayman Phil & Julia (Rowlands),-38.62595,175.9689
Waikato,Bores (Waikato Region) at Passmore RG #2 (WT508),-38.63548,175.8814
Waikato,Bores (Waikato Region) at L&S Otutira - Station #2 (WT492),-38.64417,175.7889
Waikato,Bores (Waikato Region) at Whakaipo Bay West,-38.68332,175.9588
Waikato,Bores (Waikato Region) at Otaipuhe Station Manager's Piezometer,-38.67475,175.6893
Waikato,Bores (Waikato Region) at Rangiatea Station - Corner K'Road (Deep),-38.83005,175.6979
Waikato,Bores (Waikato Region) at Kuratau Hall Monitoring Piezometer,-38.88169,175.6759
Waikato,Bores (Waikato Region) at Waituhi Station - Cnr Kuratau Hydro Rd,-38.86372,175.6836
Waikato,Bores (Waikato Region) at Rangiatea Station - Corner K'Road (Shal),-38.83004,175.6977
Waikato,Bores (Waikato Region) at Otaipuhe Station L & S (Manager's House),-38.67486,175.6893
Waikato,Bores (Waikato Region) at Holland D.C & F.K,-37.37537,175.8648
Waikato,Bores (Waikato Region) at O'Sullivan D.J (1.Tank),-37.83674,175.7772
Waikato,Bores (Waikato Region) at Lovegrove,-36.72411,175.723
Waikato,Bores (Waikato Region) at Moss G & S,-38.2475,175.8465
Wellington,S25/5200,-40.81296,175.1482
Wellington,S27/0202,-41.10663,175.4469
Wellington,S26/0568,-41.05596,175.5405
Wellington,S27/0522,-41.24401,175.423
Wellington,S25/5322,-40.74417,175.1675
Wellington,R27/0320,-41.22559,174.8731
Wellington,R27/1265,-41.22552,174.8731
Wellington,T26/0003,-40.86172,175.6407
Wellington,S27/0571,-41.22775,175.4716
Wellington,S26/0223,-40.98897,175.5702
Wellington,S25/5256,-40.78279,175.139
Wellington,R26/6503,-40.97359,174.976
Wellington,S27/0442,-41.28716,175.2677
Wellington,R27/1171,-41.25523,174.8679
Wellington,S27/0594,-41.3536,175.1679
Wellington,R25/5135,-40.79812,175.1236
Wellington,S27/0009,-41.13682,175.3102
Wellington,T26/0259,-40.89782,175.6829
Wellington,T26/0206,-40.91037,175.6429
Wellington,T26/0099,-40.91228,175.6422
Wellington,T26/0087,-40.9387,175.6169
Wellington,S26/0299,-40.96514,175.5948
Wellington,T26/0413,-40.98049,175.6683
Wellington,S26/0576,-41.05045,175.54
Wellington,S26/0762,-41.07853,175.5677
Wellington,S26/0117,-41.01276,175.515
Wellington,S26/0467,-41.0397,175.4897
Wellington,S26/0439,-41.02818,175.4681
Wellington,S27/0585,-41.32794,175.1547
Wellington,S27/0156,-41.14085,175.4236
Wellington,S27/0136,-41.10863,175.4083
Wellington,S27/0070,-41.13929,175.3533
Wellington,S26/0457,-41.07178,175.4717
Wellington,S27/0396,-41.20155,175.4551
Wellington,S27/0681,-41.22254,175.4928
Wellington,S27/0389,-41.22074,175.4719
Wellington,S27/0283,-41.20184,175.3528
Wellington,S27/0268,-41.22178,175.3079
Wellington,S27/0495,-41.24539,175.3538
Wellington,S27/0435,-41.25241,175.2392
Wellington,S27/0433,-41.27908,175.2411
Wellington,S27/0602,-41.30147,175.265
Wellington,BQ33/0032,-41.33353,175.2321
Wellington,S27/0615,-41.33042,175.2323
Wellington,S26/0824,-41.03459,175.5047
Wellington,S26/0705,-41.03553,175.5038
Wellington,S27/0344,-41.18979,175.4248
Wellington,S27/0607,-41.30463,175.2253
Wellington,S27/0588,-41.34387,175.2093
Wellington,S27/0299,-41.17711,175.3427
Wellington,T26/0489,-40.96277,175.7043
Wellington,T26/0332,-41.0043,175.6425
Wellington,T26/0538,-40.96888,175.7065
Wellington,T26/0430,-40.9537,175.6392
Wellington,T27/0063,-41.09066,176.072
Wellington,R25/5233,-40.74332,175.1248
Wellington,S25/5125,-40.78356,175.1656
Wellington,R25/5165,-40.79517,175.0864
Wellington,R25/5100,-40.81741,175.0697
Wellington,R26/6624,-40.86394,175.0638
Wellington,R25/5190,-40.82112,175.095
Wellington,R26/6587,-40.87538,175.0488
Wellington,R27/1182,-41.24628,174.9009
Wellington,R27/1180,-41.2142,174.9138
Wellington,R27/6418,-41.3039,174.9377
Wellington,R27/6833,-41.12394,175.117
Wellington,R27/1183,-41.18673,174.9446
Wellington,R27/1137,-41.12819,175.0658
Wellington,BP34/0216,-41.03488,175.5045
West Coast,Becker Farm GW @ Orwell Ck Rd,-42.36602,171.6207
West Coast,Begg Farm GW @ Granville Rd Totara Flat,-42.29891,171.6344
West Coast,Boatmans @ Reefton,-42.04102,171.8882
West Coast,Brookshaws Res GW @ Totara Flat,-42.30147,171.607
West Coast,Burke Ck @ Reefton,-42.08557,171.8781
West Coast,Garvey ck @ Reefton,-42.17189,171.9334
West Coast,Havill @ Ikamatua,-42.27674,171.6945
West Coast,Karamea well @ Kongahu Beach,-41.34862,172.0783
West Coast,Karamea well @ Baker ck,-41.24156,172.1156
West Coast,Karamea well @ Blackwater,-41.34407,172.0836
West Coast,Karamea well @ Umere,-41.26248,172.1749
West Coast,Kowhai Downs @ Maruia,-42.28187,172.2048
West Coast,Porter @ Maimai,-42.14559,171.7431
West Coast,Mills Farm GW @ Ahaura,-42.33964,171.5731
West Coast,Mitchell @ Reefton,-42.02204,171.8708
West Coast,Parkinson Farm GW @ Reefton,-42.09232,171.8409
West Coast,Rotomanu Station Rd @ Rotomanu,-42.65094,171.5645
West Coast,Springs Junction @ 500m s SJ,-42.33767,172.1821
West Coast,Taramakau @ Taramakau settlement,-42.67624,171.247
West Coast,Newman farm @ Maruia,-42.18284,172.2142
West Coast,Westport @ Okari,-41.83616,171.4971
West Coast,Agnews Res GW @ Kokatahi,-42.83703,171.0419
West Coast,Anderson Farm GW @ Kowhitirangi,-42.91776,171.0343
West Coast,Bertacco Farm GW @ Ahaura,-42.34313,171.5604
West Coast,Colemans Farm GW @ Kowhitirangi,-42.85818,171.0042
West Coast,Hunter Farms New GW @ Atarau,-42.29832,171.578
West Coast,Milnes Farm GW @ Orowaiti,-41.80142,171.6103
West Coast,Van der Geest GW @ Logburn Rd,-42.25834,171.5381
West Coast,Westland Water World GW @ Hokitika,-42.71687,170.9642
